"company","cik","city_business_address","zip_business_address","revenue","assets","stockholders_equity","net_income","roe","net_profit_margin","return_on_assets","leverage","Ticker","volatility"
"SCHLUMBERGER LIMITED/NV",87347,"HOUSTON","77056",3.2917e+10,5.6312e+10,2.376e+10,-1.0137e+10,-0.426641414141414,-0.307956375125315,0.584546810626509,2.37003367003367,"SLB",0.0810406927208201
"INTEL CORP",50863,"SANTA CLARA","95054",7.1965e+10,1.36524e+11,7.7504e+10,2.1048e+10,0.271573080099092,0.292475508927951,0.527123436172395,1.76150908340215,"INTC",0.0588282861107613
"KANSAS CITY SOUTHERN",54480,"KANSAS CITY","64105",2.866e+09,9786800000,4422500000,538900000,0.121854154889768,0.188032100488486,0.292843421751747,2.21295647258338,"KSU",0.0585341554433484
"NETFLIX INC",1065280,"LOS GATOS","95032",20156447000,33975712000,7582157000,1866916000,0.246224919900762,0.0926212838998857,0.593260473834956,4.48100876834916,"NFLX",0.0399371991551334
"UNITED RENTALS, INC.",1067701,"STAMFORD","06902",9.351e+09,1.897e+10,3.83e+09,1.174e+09,0.306527415143603,0.125548069725163,0.492936215076436,4.95300261096606,"URI",0.0753630096904359
"NORTHROP GRUMMAN CORP /DE/",1133421,"FALLS CHURCH","22042",3.3841e+10,4.1089e+10,8.819e+09,2.248e+09,0.254904184147863,0.0664282970361396,0.823602424006425,4.65914502778093,"NOC",0.0442987511670161
"COMCAST CORP",1166691,"PHILADELPHIA","19103-2838",1.08942e+11,2.63414e+11,8.2726e+10,1.3057e+10,0.157834296351812,0.119852765691836,0.413577106759701,3.18417426202161,"CMCSA",0.0423455687177541
"FACEBOOK INC",1326801,"MENLO PARK","94025",7.0697e+10,1.33376e+11,1.01054e+11,1.8485e+10,0.182922002097888,0.26146795479299,0.530057881477927,1.31984879371425,"FB",0.0439985639212925
"BOEING CO",12927,"SEATTLE","98124",7.6559e+10,1.33625e+11,-8.617e+09,-6.36e+08,0.0738075896483695,-0.0083073185386434,0.572939195509822,-15.5071370546594,"BA",0.0948256602036293
"AMAZON COM INC",1018724,"SEATTLE","98109",2.80522e+11,2.25248e+11,6.206e+10,1.1588e+10,0.186722526587174,0.0413087030607225,1.24539174598665,3.62951981952949,"AMZN",0.0333806993741634
"EBAY INC",1065088,"SAN JOSE","95125",1.08e+10,1.8174e+10,2.87e+09,1.786e+09,0.622299651567944,0.16537037037037,0.594255529877847,6.33240418118467,"EBAY",0.031509243703261
"CHARTER COMMUNICATIONS, INC. /MO/",1091667,"STAMFORD","06901",4.5764e+10,1.48188e+11,3.1445e+10,1.668e+09,0.053044999204961,0.0364478629490429,0.308823926363808,4.71260931785658,"CHTR",0.0385937798266182
"ADVANCED MICRO DEVICES INC",2488,"SANTA CLARA","95054",6.731e+09,6.028e+09,2.827e+09,3.41e+08,0.120622568093385,0.0506611201901649,1.11662242866622,2.13229571984436,"AMD",0.0555701776064475
"SOUTHWEST AIRLINES CO",92380,"DALLAS","75235",2.2428e+10,2.5895e+10,9.832e+09,2.3e+09,0.23393002441009,0.10255038344926,0.866113149256613,2.63374694873881,"LUV",0.0594585277710537
"ALEXION PHARMACEUTICALS, INC.",899866,"BOSTON","02210",4991100000,17544600000,11271800000,2404300000,0.213302223247396,0.481717457073591,0.284480694914675,1.55650384144502,"ALXN",0.0355237092071213
"ALEXANDRIA REAL ESTATE EQUITIES, INC.",1035443,"PASADENA","91101",NA,18390503000,8865826000,363165000,0.0409623423694532,NA,NA,2.0743135495779,"ARE",0.0509908106978474
"FORD MOTOR CO",37996,"DEARBORN","48126",1.559e+11,2.58537e+11,3.3185e+10,NA,NA,NA,0.603008466873214,7.79077896640048,"F",0.0592382383428769
"DTE ENERGY CO",936340,"DETROIT","48226",NA,4.1882e+10,1.1672e+10,1.169e+09,0.100154215215901,NA,NA,3.58824537354352,"DTE",0.0573692423915022
"CHIPOTLE MEXICAN GRILL INC",1058090,"NEWPORT BEACH","92660",5586369000,5104604000,1683026000,350158000,0.20805263852133,0.0626807860347213,1.09437852573873,3.03299176602144,"CMG",0.0560908013662087
"GENERAL MOTORS CO",1467858,"DETROIT","48265-3000",1.37237e+11,2.28037e+11,4.1792e+10,6.732e+09,0.161083460949464,0.0490538265919541,0.601819003056522,5.45647492343032,"GM",0.0675771112152166
"UNITED TECHNOLOGIES CORP /DE/",101829,"FARMINGTON","06032",7.7046e+10,1.39716e+11,4.1774e+10,5.537e+09,0.132546560061282,0.0718661578797082,0.551447221506485,3.34456839182266,"UTX",0.113867168969599
"STRYKER CORP",310764,"KALAMAZOO","49002",1.4884e+10,3.0167e+10,NA,2.083e+09,NA,0.139948938457404,0.493386813405377,NA,"SYK",0.0567877727461567
"NORFOLK SOUTHERN CORP",702165,"NORFOLK","23510-2191",1.1296e+10,3.7923e+10,1.5184e+10,2.722e+09,0.179267650158061,0.240970254957507,0.297866729952799,2.49756322444679,"NSC",0.0560978161222834
"CMS ENERGY CORP",811156,"JACKSON","49201",6.845e+09,2.6837e+10,5.018e+09,6.8e+08,0.135512156237545,0.0993425858290723,0.255058315012855,5.34814667198087,"CMS",0.0465496314874292
"FASTENAL CO",815556,"WINONA","55987",5333700000,3799900000,2665600000,790900000,0.296706182472989,0.148283555505559,1.40364220111056,1.42553271308523,"FAST",0.0439713712501225
"BIOGEN INC.",875045,"CAMBRIDGE","02142",14377900000,27234300000,13343200000,5888500000,0.441310929911865,0.409552159912087,0.527933525003396,2.04106211403561,"BIIB",0.0433892929390792
"3M CO",66740,"ST PAUL","55144-1000",3.2136e+10,4.4659e+10,1.0063e+10,4.57e+09,0.454138924773924,0.142208115509086,0.719586197630937,4.43794097187717,"MMM",0.0404035132149763
"UNION PACIFIC CORP",100885,"OMAHA","68179",2.1708e+10,6.1673e+10,1.8128e+10,5.919e+09,0.32651147396293,0.272664455500276,0.35198547176236,3.40208517210944,"UNP",0.0475073425313851
"LOCKHEED MARTIN CORP",936468,"BETHESDA","20817",5.9812e+10,4.7528e+10,3.127e+09,6.23e+09,1.99232491205628,0.10415970039457,1.25845817202491,15.1992324912056,"LMT",0.047783036053852
"INTERCONTINENTAL EXCHANGE, INC.",1571949,"ATLANTA","30328",6.547e+09,9.4493e+10,1.7255e+10,1.933e+09,0.112025499855114,0.295249732702001,0.0692855555437969,5.4762677484787,"ICE",0.0438623462543666
"INTUITIVE SURGICAL INC",1035267,"SUNNYVALE","94086",4478500000,9733200000,8263800000,1379300000,0.166908686076623,0.307982583454282,0.460126166111865,1.17781166049517,"ISRG",0.0501855892416067
"METTLER TOLEDO INTERNATIONAL INC/",1037646,"COLUMBUS","43240",3008652000,2789321000,420780000,561109000,1.33349731451115,0.186498471740833,1.07863239835071,6.62892960692048,"MTD",0.045692393272746
"MONDELEZ INTERNATIONAL, INC.",1103982,"DEERFIELD","60015",2.5868e+10,6.4549e+10,2.7275e+10,3.87e+09,0.141888175985335,0.149605690428328,0.400749817967745,2.36659945004583,"MDLZ",0.0392500588395472
"ARTHUR J. GALLAGHER & CO.",354190,"ROLLING MEADOWS","60008-4002",7.195e+09,19634800000,5155500000,668800000,0.129725535835515,0.0929534398888117,0.366441216615397,3.80851517796528,"AJG",0.0493509378568899
"PHILIP MORRIS INTERNATIONAL INC.",1413329,"NEW YORK","10017",2.9805e+10,4.2875e+10,-1.1577e+10,7.185e+09,-0.620627105467738,0.241066935078007,0.695160349854227,-3.70346376436037,"PM",0.0454824302674987
"REGENERON PHARMACEUTICALS, INC.",872589,"TARRYTOWN","10591",7863400000,14805200000,11089700000,2115800000,0.190789651658746,0.269069359310222,0.531124199605544,1.33504062328106,"REGN",0.038936481314318
"FEDERAL REALTY INVESTMENT TRUST",34903,"ROCKVILLE","20852-4041",935788000,6794992000,2535341000,353866000,0.139573335500037,0.378147614630664,0.137717307099111,2.68010969727544,"FRT",0.0645660217910549
"GENERAL DYNAMICS CORP",40533,"RESTON","20190",3.935e+10,4.8841e+10,1.3577e+10,3.484e+09,0.256610444133461,0.0885387547649301,0.805675559468479,3.59733372615453,"GD",0.0432270818292665
"CERNER CORP",804753,"KANSAS CITY","64117",5692598000,6894622000,NA,529454000,NA,0.0930074458094529,0.825657737291472,NA,"CERN",0.0301789887438991
"FIRSTENERGY CORP",1031296,"AKRON","44308-1890",1.1035e+10,4.2301e+10,6.975e+09,9.12e+08,0.130752688172043,0.0826461259628455,0.260868537386823,6.06465949820789,"FE",0.0532342285078213
"CUMMINS INC",26172,"COLUMBUS","47202-3005",2.3571e+10,1.9737e+10,7.507e+09,NA,NA,NA,1.19425444596443,2.62914613027841,"CMI",0.0500321318470362
"COMERICA INC /NEW/",28412,"DALLAS","75201",7.49e+08,7.3402e+10,NA,NA,NA,NA,0.0102040816326531,NA,"CMA",0.0774931858666445
"OMNICOM GROUP INC.",29989,"NEW YORK","10022",14953700000,26783400000,2853900000,1339100000,0.469217561932794,0.0895497435417321,0.558319705489221,9.38484179543782,"OMC",0.0496058960996255
"HALLIBURTON CO",45012,"HOUSTON","77032",NA,2.5377e+10,8.012e+09,-1.131e+09,-0.141163255117324,NA,NA,3.16737393909136,"HAL",0.103314120649838
"MASCO CORP /DE/",62996,"LIVONIA","48152",6.707e+09,5.027e+09,-2.35e+08,9.35e+08,-3.97872340425532,0.139406590129715,1.33419534513626,-21.3914893617021,"MAS",0.0475136543289525
"WHIRLPOOL CORP /DE/",106640,"BENTON HARBOR","49022-2692",2.0419e+10,1.8881e+10,3.195e+09,1.184e+09,0.370579029733959,0.0579852098535678,1.08145754991791,5.90954616588419,"WHR",0.073936181001937
"GOODYEAR TIRE & RUBBER CO /OH/",42582,"AKRON","44316",1.4745e+10,1.7185e+10,4.351e+09,-3.11e+08,-0.0714778211905309,-0.0210918955578162,0.8580157113762,3.94966674327741,"GT",0.0757682759539457
"EXELON CORP",1109357,"CHICAGO","60680-5398",3.4438e+10,1.24977e+11,3.2224e+10,NA,NA,NA,0.27555470206518,3.87838257199603,"EXC",0.0594989549685498
"ILLUMINA, INC.",1110803,"SAN DIEGO","92122",3.543e+09,7.316e+09,4.613e+09,1.002e+09,0.21721222631693,0.282811176968671,0.48428102788409,1.58595274225016,"ILMN",0.0428634284229523
"HANESBRANDS INC.",1359841,"WINSTON-SALEM","27105",6966923000,7353986000,1236595000,600720000,0.485785564392546,0.0862245786267481,0.947366910951421,5.9469640423906,"HBI",0.057980519508847
"MOLSON COORS BEVERAGE CO",24545,"DENVER","80202",13009100000,28859800000,13419400000,241700000,0.0180112374621816,0.0185793021807811,0.450768889597294,2.15060285854807,"TAP",0.0458589447731717
"NOBLE ENERGY INC",72207,"HOUSTON","77070",4.438e+09,2.0647e+10,8.41e+09,-1.512e+09,-0.179785969084423,-0.340694006309148,0.214946481329007,2.45505350772889,"NBL",0.123201494433962
"CSX CORP",277948,"JACKSONVILLE","32202",1.1937e+10,3.8257e+10,NA,3.331e+09,NA,0.279048337103125,0.312021329429908,NA,"CSX",0.0546627271517956
"AMGEN INC",318154,"THOUSAND OAKS","91320",2.3362e+10,5.9707e+10,9.673e+09,7.842e+09,0.81071022433578,0.335673315640784,0.39127740465942,6.17254212757159,"AMGN",0.0395655561927305
"HILTON WORLDWIDE HOLDINGS INC.",1585689,"MCLEAN","22102",9.452e+09,1.4957e+10,-4.82e+08,8.81e+08,-1.82780082987552,0.093207786711807,0.631944908738383,-31.0311203319502,"HLT",0.0537103982132135
"ALASKA AIR GROUP, INC.",766421,"SEATTLE","98188",8.781e+09,1.2993e+10,4.331e+09,7.69e+08,0.177557146155622,0.0875754469878146,0.675825444470099,3,"ALK",0.0791288300825564
"RAYTHEON CO/",1047122,"WALTHAM","02451-1449",2.9176e+10,3.4566e+10,1.2223e+10,3.343e+09,0.273500777223268,0.114580477104469,0.844066423653301,2.82794731244375,"RTN",0.0759789087205856
"LOEWS CORP",60086,"NEW YORK","10065-8087",1.4931e+10,8.2243e+10,1.9119e+10,9.32e+08,0.0487473194204718,0.0624204674837586,0.181547365733254,4.30163711491187,"L",0.0646285820935553
"KINDER MORGAN, INC.",1506307,"HOUSTON","77002",1.3209e+10,7.4157e+10,3.3742e+10,2.19e+09,0.0649042736055954,0.165796048148989,0.17812209231765,2.19776539624207,"KMI",0.0658681995082661
"AMPHENOL CORP /DE/",820313,"WALLINGFORD","06492",8225400000,10815500000,4530300000,1.155e+09,0.254950003311039,0.140418703041797,0.760519624612824,2.38736948987926,"APH",0.0464880669132074
"AMERICAN EXPRESS CO",4962,"NEW YORK","10285",2.8159e+10,1.98321e+11,2.3071e+10,6.759e+09,0.292965194399896,0.24002983060478,0.141986980703002,8.59611633652638,"AXP",0.0722882845642765
"DELTA AIR LINES, INC.",27904,"ATLANTA","30354-1989",4.7007e+10,6.4532e+10,1.5358e+10,4.767e+09,0.310391978122151,0.101410428234093,0.728429306390628,4.20184919911447,"DAL",0.0815738468682612
"KIMBERLY CLARK CORP",55785,"IRVING","75038",1.845e+10,1.5283e+10,-3.3e+07,2.157e+09,-65.3636363636364,0.116910569105691,1.20722371262187,-463.121212121212,"KMB",0.0356224821297481
"PEPSICO INC",77476,"PURCHASE","10577",6.7161e+10,7.8547e+10,1.4786e+10,7.314e+09,0.494657108075206,0.108902488051101,0.855042204030708,5.31225483565535,"PEP",0.0460128560520192
"TRAVELERS COMPANIES, INC.",86312,"SAINT PAUL","55102",3.1581e+10,1.10122e+11,2.5943e+10,2.622e+09,0.101067725397988,0.083024603400779,0.286781932765478,4.24476737462899,"TRV",0.0546164738161475
"SNAP-ON INC",91440,"KENOSHA","53143",4067700000,5693500000,3409100000,693500000,0.203426124197002,0.170489465791479,0.714446298410468,1.67008887976299,"SNA",0.0535134877730591
"VERTEX PHARMACEUTICALS INC / MA",875320,"BOSTON","02210",4162821000,8318465000,NA,1176810000,NA,0.282695316469288,0.500431389685477,NA,"VRTX",0.0434617875146143
"BORGWARNER INC",908255,"AUBURN HILLS","48326",1.0168e+10,9.702e+09,4.706e+09,7.46e+08,0.158521036974076,0.0733674272226593,1.04803133374562,2.06162345941351,"BWA",0.0518971447251068
"IRON MOUNTAIN INC",1020569,"BOSTON","02110",4262584000,13816816000,1463962000,NA,NA,NA,0.308506967162333,9.43796082138744,"IRM",0.0506278357752495
"PRICE T ROWE GROUP INC",1113169,"BALTIMORE","21289-0320",5617900000,9330400000,7102100000,2131300000,0.300094338294307,0.379376635397568,0.602107090799966,1.31375227045522,"TROW",0.0564922100898223
"HUNTINGTON INGALLS INDUSTRIES, INC.",1501585,"NEWPORT NEWS","23607",8.899e+09,7.031e+09,1.588e+09,5.49e+08,0.345717884130982,0.0616923249803349,1.26568055753093,4.42758186397985,"HII",0.0445413894466865
"ZOETIS INC.",1555280,"PARSIPPANY","07054",6.26e+09,1.1545e+10,NA,1.5e+09,NA,0.23961661341853,0.542226071892594,NA,"ZTS",0.0458687426263134
"WASTE MANAGEMENT INC",823768,"HOUSTON","77002",1.5455e+10,2.7743e+10,7.068e+09,1.67e+09,0.236276174306735,0.108055645422193,0.557077460981148,3.92515563101302,"WM",0.0443558515404681
"INCYTE CORP",879169,"WILMINGTON","19803",2158759000,3426750000,2598406000,446906000,0.171992367628461,0.207019866506636,0.629972714671336,1.31878928850996,"INCY",0.0356745241913712
"NATIONAL OILWELL VARCO INC",1021860,"HOUSTON","77036",8.479e+09,1.3149e+10,7.778e+09,-6.095e+09,-0.783620467986629,-0.718834768250973,0.644839911780363,1.69053741321677,"NOV",0.0874095642265358
"DOVER CORP",29905,"DOWNERS GROVE","60515",7136397000,8669477000,NA,677918000,NA,0.0949944348667822,0.823163496483121,NA,"DOV",0.0547560707827088
"HUNTINGTON BANCSHARES INC/MD",49196,"COLUMBUS","43287",9.39e+08,1.09002e+11,1.1795e+10,1.411e+09,0.119626960576515,1.50266240681576,0.0086145208344801,9.24137346333192,"HBAN",0.0641090436458374
"ILLINOIS TOOL WORKS INC",49826,"GLENVIEW","60025",1.4109e+10,1.5068e+10,NA,NA,NA,NA,0.936355189806212,NA,"ITW",0.0503633466404683
"MOTOROLA SOLUTIONS, INC.",68505,"CHICAGO","60661",7.887e+09,1.0642e+10,-7e+08,8.68e+08,-1.24,0.110054520096361,0.741120090208607,-15.2028571428571,"MSI",0.0491091442093608
"ROBERT HALF INTERNATIONAL INC.",315213,"MENLO PARK","94025",6074432000,2311408000,1143683000,454433000,0.397341745920854,0.0748107806622907,2.62802240019936,2.02102155929571,"RHI",0.0510133046290673
"UNITEDHEALTH GROUP INC",731766,"MINNEAPOLIS","55343",2.42155e+11,1.73889e+11,NA,1.3839e+10,NA,0.0571493464929487,1.39258377470685,NA,"UNH",0.0551431355022641
"NEXTERA ENERGY INC",753308,"JUNO BEACH","33408",NA,1.17691e+11,3.7005e+10,3.769e+09,0.10185110120254,NA,NA,3.18040805296582,"NEE",0.0492836029472919
"HONEYWELL INTERNATIONAL INC",773840,"CHARLOTTE","28202",3.6709e+10,5.8679e+10,1.8494e+10,6.143e+09,0.332161782199632,0.167343158353537,0.625590074813818,3.17286687574348,"HON",0.0503512602444488
"FREEPORT-MCMORAN INC",831259,"PHOENIX","85004",1.4402e+10,4.0809e+10,9.298e+09,NA,NA,NA,0.352912347766424,4.38900838890084,"FCX",0.0790163780900644
"IDEXX LABORATORIES INC /DE",874716,"WESTBROOK","04092-2041",2406908000,1832475000,177473000,427720000,2.4100567410254,0.177705171946747,1.31347385366785,10.3253734370862,"IDXX",0.0415746506235212
"CITRIX SYSTEMS INC",877890,"FORT  LAUDERDALE","33309",3010564000,4388926000,837656000,681813000,0.813953460609128,0.226473511275628,0.685945490992557,5.23953269599931,"CTXS",0.0395915026453615
"PPL CORP",922224,"ALLENTOWN","18101-1179",7.769e+09,4.568e+10,1.2991e+10,1.746e+09,0.134400738973135,0.224739348693526,0.170074430823117,3.51628050188592,"PPL",0.0539824584881802
"VERISIGN INC/CA",1014473,"RESTON","20190",1231661000,1854009000,-1490100000,NA,NA,NA,0.664323096597697,-1.24421783772901,"VRSN",0.0462020735736746
"COGNIZANT TECHNOLOGY SOLUTIONS CORP",1058290,"TEANECK","07666",1.6783e+10,1.6204e+10,1.1022e+10,1.842e+09,0.167120304844856,0.10975391765477,1.03573191804493,1.47015060787516,"CTSH",0.0561840477516866
"REPUBLIC SERVICES, INC.",1060391,"PHOENIX","85054",1.2193e+10,22683800000,8118200000,1073286000,0.132207385873716,0.0880247683096859,0.537520168578457,2.79419083047966,"RSG",0.0411637510804139
"EDWARDS LIFESCIENCES CORP",1099800,"IRVINE","92614",4.348e+09,6488100000,4148300000,NA,NA,NA,0.67014996686241,1.56403828074151,"EW",0.0473756499273283
"PRINCIPAL FINANCIAL GROUP INC",1126328,"DES MOINES","50392",16222100000,276087800000,1.4618e+10,1394200000,0.0953755643726912,0.0859444831433662,0.0587570330887493,18.886838144753,"PFG",0.0720423584275443
"PRUDENTIAL FINANCIAL INC",1137774,"NEWARK","07102",6.4807e+10,8.96552e+11,6.3115e+10,4.186e+09,0.0663233779608651,0.064591787924144,0.072284708527782,14.2050542660223,"PRU",0.0753692600269591
"MASTERCARD INC",1141391,"PURCHASE","10577",1.6883e+10,2.9236e+10,5.893e+09,NA,NA,NA,0.577472978519633,4.96114033599186,"MA",0.0551237423664557
"EXPEDIA GROUP, INC.",1324424,"SEATTLE","98119",1.2067e+10,2.1416e+10,3.967e+09,5.65e+08,0.142425006301991,0.0468219109969338,0.563457228240568,5.3985379379884,"EXPE",0.0700899044261337
"WEYERHAEUSER CO",106535,"SEATTLE","98104",6.554e+09,1.6406e+10,NA,-7.6e+07,NA,-0.0115959719255417,0.399487992197976,NA,"WY",0.0839248212344383
"UNUM GROUP",5513,"CHATTANOOGA","37402",11998900000,67013400000,9.965e+09,1100300000,0.110416457601606,0.0917000725066464,0.179052249251642,6.7248770697441,"UNM",0.0848879204440307
"ARCHER-DANIELS-MIDLAND CO",7084,"CHICAGO","60601",6.4656e+10,4.3997e+10,NA,1.379e+09,NA,0.0213282603316011,1.4695547423688,NA,"ADM",0.0436260282892229
"CORNING INC /NY",24741,"CORNING","14831",1.1503e+10,2.8898e+10,1.2907e+10,9.6e+08,0.0743782443635237,0.0834564896114057,0.398055228735553,2.23894011001782,"GLW",0.0578664540511899
"FLOWSERVE CORP",30625,"IRVING","75039",0,4919642000,1790357000,253668000,0.141685708492775,Inf,0,2.74785531600681,"FLS",0.0606009172393213
"CVS HEALTH CORP",64803,"WOONSOCKET","02895",2.56776e+11,2.22449e+11,6.3864e+10,6.634e+09,0.103876988600777,0.0258357478892108,1.15431402254,3.48316735563072,"CVS",0.0401130027911724
"UDR, INC.",74208,"HIGHLANDS RANCH","80129",1152193000,9636472000,3358542000,184965000,0.0550730048931947,0.160533000981606,0.119565853561345,2.86924266541851,"UDR",0.0541362528062371
"JOHNSON & JOHNSON",200406,"NEW BRUNSWICK","08933",8.2059e+10,1.57728e+11,NA,1.5119e+10,NA,0.184245481909358,0.520256390748631,NA,"JNJ",0.0360423806587828
"VORNADO REALTY TRUST",899689,"NEW YORK","10019",1924700000,18287013000,6732030000,3147937000,0.467605907876228,1.63554683846833,0.105249556064733,2.71641882166301,"VNO",0.0695925760586617
"PG&E CORP",1004980,"SAN FRANCISCO","94177",1.7129e+10,8.5196e+10,5.136e+09,NA,NA,NA,0.201054040095779,16.5880062305296,"PCG",0.0840209631908273
"CENTENE CORP",1071739,"ST LOUIS","63105",7.4639e+10,4.0994e+10,1.2551e+10,1.321e+09,0.105250577643216,0.017698522220287,1.82072986290677,3.26619392877062,"CNC",0.0579602816416264
"ADVANCE AUTO PARTS INC",1158449,"RALEIGH","27604",9709003000,11248525000,3549081000,486896000,0.137189317459928,0.0501489184831851,0.86313565556373,3.16941906933091,"AAP",0.0547748701532558
"CONOCOPHILLIPS",1163165,"HOUSTON","77079",3.667e+10,7.0514e+10,3.4981e+10,7.189e+09,0.205511563420142,0.196045814016908,0.520038573900218,2.01577999485435,"COP",0.0806054857748684
"VERISK ANALYTICS, INC.",1442145,"JERSEY CITY","07310-1686",2607100000,7055200000,2260800000,449900000,0.199000353857042,0.172567220283073,0.369528858147182,3.1206652512385,"VRSK",0.045504585586763
"REGENCY CENTERS CORP",910606,"JACKSONVILLE","32202",1133138000,11132253000,6213348000,239430000,0.0385347802827075,0.211298182569113,0.101788739440255,1.79166739091388,"REG",0.0668630703987535
"AMERICAN AIRLINES GROUP INC.",6201,"FORT WORTH","76155",4.5768e+10,5.9995e+10,-1.18e+08,1.686e+09,-14.2881355932203,0.036837965390666,0.76286357196433,-508.432203389831,"AAL",0.0971977268509732
"CATERPILLAR INC",18230,"DEERFIELD","60015",5.38e+10,7.8453e+10,NA,NA,NA,NA,0.68576090143143,NA,"CAT",0.0468248191074023
"INTERNATIONAL PAPER CO /NEW/",51434,"MEMPHIS","38197",2.2376e+10,3.3471e+10,7.713e+09,1.225e+09,0.158822766757423,0.0547461565963532,0.668519016462012,4.33955659276546,"IP",0.0567687642185658
"ELI LILLY & CO",59478,"INDIANAPOLIS","46285",22319500000,39286100000,2606900000,8318400000,3.19091641413173,0.372696520979413,0.56812714929708,15.070044880893,"LLY",0.0405665308063165
"BANK OF AMERICA CORP /DE/",70858,"CHARLOTTE","28255",9.1244e+10,2.434079e+12,2.6481e+11,2.743e+10,0.103583701521846,0.300622506685371,0.0374860470839278,9.19179411653638,"BAC",0.0644535098204879
"GARTNER INC",749251,"STAMFORD","06904-2212",4245321000,7151294000,938593000,233290000,0.248552887140646,0.0549522639159677,0.593643751746187,7.61916400399321,"IT",0.0535569109180128
"CHURCH & DWIGHT CO INC /DE/",313927,"EWING","08628",4357700000,6657400000,2667800000,615900000,0.230864382637379,0.141336025885215,0.654564845134737,2.49546442761826,"CHD",0.0350411574610773
"AMERICAN WATER WORKS COMPANY, INC.",1410636,"CAMDEN","08102-1658",3.587e+09,2.2682e+10,6.121e+09,6.21e+08,0.101454010782552,0.173125174240312,0.158143020897628,3.70560365953276,"AWK",0.0531396403052524
"HARLEY-DAVIDSON, INC.",793952,"MILWAUKEE","53208",5361789000,10528159000,1803999000,423635000,0.234831061436287,0.0790100095322662,0.509280777389475,5.83601154989554,"HOG",0.0860523088596507
"E TRADE FINANCIAL CORP",1015780,"ARLINGTON","22203",2.886e+09,6.1416e+10,6.543e+09,9.55e+08,0.14595751184472,0.330907830907831,0.0469910121141071,9.38651994497937,"ETFC",0.0694688103977963
"C. H. ROBINSON WORLDWIDE, INC.",1043277,"EDEN PRAIRIE","55347",15309508000,4641060000,1670730000,576968000,0.345338863849934,0.0376869067248928,3.29870934657169,2.77786356861971,"CHRW",0.0288693843512629
"ASSURANT, INC.",1267238,"NEW YORK","10005",10086800000,44291200000,5652800000,382600000,0.0676832720067931,0.0379307609945672,0.227738241456542,7.83526747806397,"AIZ",0.0539850055928249
"CONCHO RESOURCES INC",1358071,"MIDLAND","79701",4.592e+09,2.4732e+10,1.7782e+10,-7.05e+08,-0.0396468338769542,-0.15352787456446,0.185670386543749,1.39084467438983,"CXO",0.0706652946814632
"DISH NETWORK CORP",1001082,"ENGLEWOOD","80112",12807684000,33230935000,11564521000,NA,NA,NA,0.385414494055012,2.87352454978464,"DISH",0.0711029513822008
"BALL CORP",9389,"BROOMFIELD","80021-2510",NA,1.736e+10,2.949e+09,NA,NA,NA,NA,5.88674126822652,"BLL",0.043273543457076
"DEVON ENERGY CORP/DE",1090012,"OKLAHOMA CITY","73102",6.22e+09,1.3717e+10,5.802e+09,-3.55e+08,-0.0611857980006894,-0.0570739549839228,0.453451920973974,2.36418476387453,"DVN",0.103799813684591
"AMERICAN ELECTRIC POWER CO INC",4904,"COLUMBUS","43215",15561400000,75892300000,19632200000,NA,NA,NA,0.205045834689422,3.86570532085044,"AEP",0.0447463445660423
"EQUIFAX INC",33185,"ATLANTA","30302",3507600000,7.909e+09,2578600000,-398800000,-0.154657566121151,-0.113695974455468,0.443494752813251,3.06716823082293,"EFX",0.0439222423309079
"HERSHEY CO",47111,"HERSHEY","17033",7986252000,8140395000,1739222000,1149692000,0.661038096344227,0.143958893358236,0.981064432377053,4.68048069769127,"HSY",0.0441058270875892
"HUMANA INC",49071,"LOUISVILLE","40202",6.4888e+10,2.9074e+10,1.2037e+10,2.707e+09,0.224889922738224,0.0417180372333868,2.23182224668088,2.41538589349506,"HUM",0.0596774997892337
"LEGGETT & PLATT INC",58492,"CARTHAGE","64836",5.078e+09,4816400000,1.312e+09,333800000,0.254420731707317,0.0657345411579362,1.05431442571215,3.67103658536585,"LEG",0.0762456553343708
"LINCOLN NATIONAL CORP",59558,"RADNOR","19087",1.7258e+10,3.34761e+11,1.9689e+10,8.86e+08,0.0449997460510945,0.0513385096766717,0.051553197654446,17.0024379094926,"LNC",0.107627906533364
"MARSH & MCLENNAN COMPANIES, INC.",62709,"NEW YORK","10036",NA,3.1357e+10,NA,1.742e+09,NA,NA,NA,NA,"MMC",0.0435262007490902
"PPG INDUSTRIES INC",79879,"PITTSBURGH","15272",1.5146e+10,1.7708e+10,5.284e+09,1.243e+09,0.235238455715367,0.0820678727056649,0.855319629545968,3.35124905374716,"PPG",0.0484853106479777
"PACCAR INC",75362,"BELLEVUE","98004",25599700000,28361100000,9706100000,2387900000,0.246020543781746,0.0932784368566819,0.902634241972279,2.92198720392331,"PCAR",0.0387506700936064
"TRIPADVISOR, INC.",1526520,"NEEDHAM","02494",1.56e+09,1.984e+09,1.161e+09,1.26e+08,0.108527131782946,0.0807692307692308,0.786290322580645,1.70887166236003,"TRIP",0.0583244879508581
"SOUTHERN CO",92122,"ATLANTA","30308",NA,1.187e+11,2.7505e+10,NA,NA,NA,NA,4.31557898563897,"SO",0.057250783956486
"STATE STREET CORP",93751,"BOSTON","02111",1.1756e+10,2.4561e+11,2.4431e+10,2.242e+09,0.0917686545781998,0.190711126233413,0.0478645006310818,10.0532110842782,"STT",0.0637133653565408
"TEXAS INSTRUMENTS INC",97476,"DALLAS","75266",1.4383e+10,1.8018e+10,8.907e+09,5.017e+09,0.56326484787246,0.348814572759508,0.798257298257298,2.02290333445605,"TXN",0.0490035035126754
"MARATHON OIL CORP",101778,"HOUSTON","77253-3128",5.19e+09,2.0245e+10,NA,4.8e+08,NA,0.092485549132948,0.256359594961719,NA,"MRO",0.0990653281691881
"W.W. GRAINGER, INC.",277135,"LAKE FOREST","60045-5201",1.1486e+10,6.005e+09,1.855e+09,8.49e+08,0.457681940700809,0.073916071739509,1.91273938384679,3.23719676549865,"GWW",0.049035901724594
"TRACTOR SUPPLY CO /DE/",916365,"BRENTWOOD","37027",8351931000,5289268000,1567123000,562354000,0.35884483859914,0.0673322133528163,1.57903343146916,3.3751454097732,"TSCO",0.0417168373047551
"ESSEX PROPERTY TRUST, INC.",920522,"SAN MATEO","94403",1460155000,12705405000,6220427000,NA,NA,NA,0.114923924109464,2.04252939549005,"ESS",0.0547225015989242
"CAPITAL ONE FINANCIAL CORP",927628,"MCLEAN","22102",2.8593e+10,3.90365e+11,5.8011e+10,5.546e+09,0.095602558135526,0.193963557514077,0.0732468330921061,6.72915481546603,"COF",0.0817843775457042
"HENRY SCHEIN INC",1000228,"MELVILLE","11747",9985803000,7151101000,2998044000,694734000,0.231729087364962,0.0695721716120376,1.39640077800607,2.38525551993233,"HSIC",0.0421005684494522
"QUEST DIAGNOSTICS INC",1022079,"SECAUCUS","07094",7.726e+09,1.2843e+10,5.641e+09,8.58e+08,0.152100691366779,0.111053585296402,0.601572841236471,2.27672398510902,"DGX",0.0479874348844976
"YUM BRANDS INC",1041061,"LOUISVILLE","40213",5.597e+09,5.231e+09,NA,1.294e+09,NA,0.231195283187422,1.06996750143376,NA,"YUM",0.0549031368822358
"JUNIPER NETWORKS INC",1043604,"SUNNYVALE","94089",4445400000,8837700000,NA,3.45e+08,NA,0.0776083142124443,0.503004175294477,NA,"JNPR",0.0377577769892513
"CONSOLIDATED EDISON INC",1047862,"NEW YORK","10003",1.2574e+10,5.8079e+10,1.8022e+10,1.343e+09,0.0745200310731328,0.106807698425322,0.216498217944524,3.22267228942404,"ED",0.0484292087553296
"UNITED PARCEL SERVICE INC",1090727,"ATLANTA","30328",7.4094e+10,5.7857e+10,3.267e+09,4.44e+09,1.35904499540863,0.0599238804761519,1.2806401991116,17.7095194367922,"UPS",0.0384859501417848
"FIDELITY NATIONAL INFORMATION SERVICES, INC.",1136893,"JACKSONVILLE","32204",1.0333e+10,8.3806e+10,4.944e+10,2.98e+08,0.00602750809061489,0.0288396399883867,0.123296661336897,1.69510517799353,"FIS",0.0522483043577393
"AMETEK INC/",1037868,"BERWYN","19312",NA,9844559000,5115492000,861297000,0.168370315113385,NA,NA,1.92445985645174,"AME",0.0558763824087346
"HCA HEALTHCARE, INC.",860730,"NASHVILLE","37203",NA,4.5058e+10,-2.808e+09,3.505e+09,-1.24821937321937,NA,NA,-16.0462962962963,"HCA",0.0686198158776078
"US BANCORP DE",36104,"MINNEAPOLIS","55402-7020",NA,4.95426e+11,5.1853e+10,6.914e+09,0.133338476076601,NA,NA,9.55443272327541,"USB",0.0635973022547184
"DUKE ENERGY CORP",1326160,"CHARLOTTE","28202",NA,1.58838e+11,4.6822e+10,3.748e+09,0.0800478407586177,NA,NA,3.3923796505916,"DUK",0.0495350822339156
"LYONDELLBASELL INDUSTRIES N.V.",1489393,"HOUSTON","77010",3.4727e+10,3.0435e+10,8.044e+09,3.397e+09,0.422302337145699,0.0978201399487431,1.14102184984393,3.78356539035306,"LYB",0.0762601869211173
"NEWMONT CORP /DE/",1164727,"GREENWOOD VILLAGE","80111",9.74e+09,3.9974e+10,2.142e+10,2.805e+09,0.130952380952381,0.287987679671458,0.243658377945665,1.86619981325864,"NEM",0.0474517010494645
"WESTERN UNION CO",1365135,"DENVER","80237",5292100000,8758500000,NA,1058300000,NA,0.199977324691521,0.604224467659987,NA,"WU",0.0428440351751008
"AT&T INC.",732717,"DALLAS","75202",1.81193e+11,5.51669e+11,NA,1.3903e+10,NA,0.0767303372646846,0.328445136485828,NA,"T",0.040812916091088
"M&T BANK CORP",36270,"BUFFALO","14203",6191943000,119872757000,15716649000,1929149000,0.122745567455251,0.311557939083096,0.0516542970643447,7.62711930513941,"MTB",0.0604799643811452
"AFLAC INC",4977,"COLUMBUS","31999",2.2307e+10,1.52768e+11,2.8959e+10,3.304e+09,0.114092337442591,0.148114941498184,0.146018799748638,5.27532028039642,"AFL",0.0691984480302812
"COLGATE PALMOLIVE CO",21665,"NEW YORK","10022",1.5693e+10,1.5034e+10,1.17e+08,2.367e+09,20.2307692307692,0.150831580959664,1.04383397632034,128.495726495727,"CL",0.0365659806099518
"GENUINE PARTS CO",40987,"ATLANTA","30339",19392305000,14645629000,3674707000,621085000,0.169016196393345,0.0320273943711178,1.32410188732761,3.98552292740619,"GPC",0.0612856203016149
"INTERPUBLIC GROUP OF COMPANIES, INC.",51644,"NEW YORK","10022",10221300000,17751900000,2775900000,6.56e+08,0.236319752152455,0.0641797031688729,0.575786253865783,6.39500702474873,"IPG",0.0625883089843536
"ENTERGY CORP /DE/",65984,"NEW ORLEANS","70113",10878673000,51723912000,10223675000,1241226000,0.12140702829462,0.114097188140502,0.210321930019524,5.05922889763221,"ETR",0.0566223967411933
"XCEL ENERGY INC",72903,"MINNEAPOLIS","55401",NA,5.0448e+10,1.3239e+10,1.372e+09,0.103633204924843,NA,NA,3.81055970994788,"XEL",0.0471413578989321
"SHERWIN WILLIAMS CO",89800,"CLEVELAND","44115",17900800000,20496200000,4123300000,1541300000,0.373802536803046,0.08610229710404,0.873371649378909,4.97082433972789,"SHW",0.0512438847774255
"CHEVRON CORP",93410,"SAN RAMON","94583",1.46516e+11,2.37428e+11,1.44213e+11,2.924e+09,0.0202755646162274,0.0199568647792733,0.617096551375575,1.64637029948756,"CVX",0.0710233840180278
"STANLEY BLACK & DECKER, INC.",93556,"NEW BRITAIN","06053",14442200000,20596600000,9136300000,955800000,0.104615654039381,0.0661810527481963,0.701193400852568,2.25436993093484,"SWK",0.0753556299847817
"MOSAIC CO",1285785,"TAMPA","33602",NA,19298500000,9185500000,-1067400000,-0.116204888138915,NA,NA,2.10097436176583,"MOS",0.0845339024663144
"MID AMERICA APARTMENT COMMUNITIES INC.",912595,"GERMANTOWN","38138",1641017000,11230450000,6068565000,353811000,0.0583022510263959,0.215604713418569,0.146122105525602,1.8505940036895,"MAA",0.0548696616017248
"EQUITY RESIDENTIAL",906107,"CHICAGO","60606",2701075000,21172769000,10315506000,970377000,0.0940697431614116,0.359255851836769,0.127573063305985,2.05251870339661,"EQR",0.0525654751933087
"HESS CORP",4447,"NEW YORK","10036",6.51e+09,2.1782e+10,8.732e+09,-4.08e+08,-0.0467246907924874,-0.0626728110599078,0.298870627123313,2.49450297755383,"HES",0.0847478693806639
"DANAHER CORP /DE/",313616,"WASHINGTON","20037-1701",17911100000,62081600000,30270600000,3008200000,0.099376953215331,0.167951717091636,0.288508994613541,2.0508876599737,"DHR",0.0365203372916372
"ALLIANT ENERGY CORP",352541,"MADISON","53718-2148",3647700000,16700700000,5205100000,567400000,0.109008472459703,0.155550072648518,0.218415994539151,3.20852625309792,"LNT",0.0454087315459736
"VERIZON COMMUNICATIONS INC",732712,"NEW YORK","10036",1.31868e+11,2.91727e+11,NA,1.9265e+10,NA,0.146093062759729,0.452025352469946,NA,"VZ",0.0271336391274973
"PINNACLE WEST CAPITAL CORP",764622,"PHOENIX","85004",3471209000,18479247000,5430648000,NA,NA,NA,0.187843638866887,3.40277016665415,"PNW",0.0522350055003477
"CITIGROUP INC",831001,"NEW YORK","10013",7.4286e+10,1.951158e+12,1.93242e+11,1.9401e+10,0.100397429130313,0.261166303206526,0.0380727752442396,10.0969664979663,"C",0.0742343545422437
"HARTFORD FINANCIAL SERVICES GROUP, INC.",874766,"HARTFORD","06155",2.074e+10,7.0817e+10,1.627e+10,2.085e+09,0.128149969268593,0.10053037608486,0.292867531807334,4.35261216963737,"HIG",0.0755310433888446
"ALLSTATE CORP",899051,"NORTHBROOK","60062",4.4675e+10,1.1995e+11,2.5998e+10,4.847e+09,0.186437418262943,0.108494683827644,0.372446852855356,4.61381644741903,"ALL",0.0499965747349864
"AVALONBAY COMMUNITIES INC",915912,"ARLINGTON","22203",2324626000,19121051000,10989549000,NA,NA,NA,0.121574174976051,1.73993045574482,"AVB",0.0572479312226304
"DAVITA INC.",927066,"DENVER","80202",11388479000,17311394000,2133409000,810981000,0.380133860877122,0.071210650693565,0.657860308649898,8.1144281288773,"DVA",0.0439202712273557
"METLIFE INC",1099219,"NEW YORK","10166",6.962e+10,7.40463e+11,6.6144e+10,5.899e+09,0.0891842041606193,0.0847313990232692,0.0940222536440038,11.1947115384615,"MET",0.0681207827053952
"AMERICAN INTERNATIONAL GROUP INC",5272,"NEW YORK","10038",4.9746e+10,5.25064e+11,6.5675e+10,3.348e+09,0.0509783022459079,0.0673018936195875,0.0947427361235964,7.99488389798249,"AIG",0.0796631329405347
"ABBOTT LABORATORIES",1800,"ABBOTT PARK","60064-3500",3.1904e+10,6.7887e+10,3.1088e+10,3.687e+09,0.11859881626351,0.115565446339017,0.469957429257442,2.18370432321153,"ABT",0.0434576758556257
"GLOBAL PAYMENTS INC",1123360,"ATLANTA","30326",4911892000,44480162000,27855747000,430613000,0.0154586771627413,0.0876674405707617,0.110428824427393,1.59680377625486,"GPN",0.0653318167749672
"GOLDMAN SACHS GROUP INC",886982,"NEW YORK","10282",NA,9.92968e+11,9.0265e+10,8.466e+09,0.0937905057331191,NA,NA,11.0005871600288,"GS",0.0578169758907877
"REGIONS FINANCIAL CORP",1281761,"BIRMINGHAM","35203",NA,1.2624e+11,1.6295e+10,1.582e+09,0.0970849953973612,NA,NA,7.7471617060448,"RF",0.0745105942254972
"PHILLIPS 66",1534701,"HOUSTON","77042",1.07293e+11,5.872e+10,2.491e+10,3.076e+09,0.123484544359695,0.0286691582861883,1.82719686648501,2.35728623042955,"PSX",0.0706270340488997
"ABBVIE INC.",1551152,"NORTH CHICAGO","60064",3.3266e+10,8.9115e+10,-8.172e+09,7.882e+09,-0.964512971120901,0.236938616004329,0.373292936093811,-10.904919236417,"ABBV",0.0368232067081
"CBOE GLOBAL MARKETS, INC.",1374310,"CHICAGO","60605",NA,5113900000,3355600000,374900000,0.111723685778996,NA,NA,1.52398974848015,"CBOE",0.0482258874885359
"SIMON PROPERTY GROUP INC /DE/",1063761,"INDIANAPOLIS","46204-3438",5755189000,31231630000,2526398000,NA,NA,NA,0.184274371846746,12.3621179244125,"SPG",0.0968221294358415
"EXPEDITORS INTERNATIONAL OF WASHINGTON INC",746515,"SEATTLE","98104",8175426000,3691884000,2195028000,590395000,0.268969234105442,0.0722158086930271,2.21443198106983,1.68193025328151,"EXPD",0.0343323681456447
"MARTIN MARIETTA MATERIALS INC",916076,"RALEIGH","27607",4739100000,10131600000,5350800000,611900000,0.11435673170367,0.129117342955413,0.467754352718228,1.89347387306571,"MLM",0.06093977577163
"EQUINIX INC",1101239,"REDWOOD CITY","94065",5562140000,23965615000,8840606000,507450000,0.0573999112730507,0.091232870801526,0.232088348243932,2.71085658607566,"EQIX",0.045086684512546
"BRISTOL MYERS SQUIBB CO",14272,"NEW YORK","10016",2.6145e+10,1.29944e+11,5.1598e+10,3.439e+09,0.0666498701500058,0.131535666475426,0.201202056270393,2.51839218574363,"BMY",0.0288130117535234
"COCA COLA CO",21344,"ATLANTA","30313",3.7266e+10,8.6381e+10,1.8981e+10,8.92e+09,0.469943627838365,0.239360274781302,0.431414315648117,4.55091934039302,"KO",0.0382370976960344
"GENERAL ELECTRIC CO",40545,"BOSTON","02210",9.5214e+10,2.66048e+11,2.8316e+10,-4.979e+09,-0.175836982624664,-0.0522927300607054,0.357882788068319,9.39567735555869,"GE",0.0602964830807621
"WILLIAMS COMPANIES, INC.",107263,"TULSA","74172",8.201e+09,4.604e+10,1.3363e+10,8.5e+08,0.0636084711516875,0.103645896841849,0.178127715030408,3.44533413155728,"WMB",0.0778193007234698
"REALTY INCOME CORP",726728,"SAN DIEGO","92130",1491591000,18554796000,9774456000,436482000,0.0446553751942819,0.292628475232151,0.0803884343433364,1.89829449332014,"O",0.0716053195239123
"VENTAS, INC.",740260,"CHICAGO","60654",3872750000,24692208000,10445892000,NA,NA,NA,0.156840975906245,2.36381995908057,"VTR",0.0993874751368046
"CADENCE DESIGN SYSTEMS INC",813672,"SAN JOSE","95134",2336319000,3357225000,2102894000,988979000,0.470294270657484,0.423306491964496,0.695907780979827,1.59647847204852,"CDNS",0.050985178011766
"SBA COMMUNICATIONS CORP",1034054,"BOCA RATON","33487",2014645000,9759941000,-3667007000,146991000,-0.0400847339533303,0.0729612413105038,0.206419792906535,-2.66155505020852,"SBAC",0.0463537941900213
"PIONEER NATURAL RESOURCES CO",1038357,"IRVING","75039",9.304e+09,1.9067e+10,NA,7.56e+08,NA,0.0812553740326741,0.487963497141658,NA,"PXD",0.0894052082998237
"MOODYS CORP /DE/",1059556,"NEW YORK","10007",4.829e+09,1.0265e+10,6.12e+08,1.422e+09,2.32352941176471,0.294470904949265,0.470433511933755,16.7728758169935,"MCO",0.0607346141749896
"IPG PHOTONICS CORP",1111928,"OXFORD","01540",1314581000,2730436000,2401726000,180234000,0.0750435311938164,0.137103761578784,0.481454610179473,1.13686407192161,"IPGP",0.057489159915223
"SMITH A O CORP",91142,"MILWAUKEE","53224",2992700000,3.058e+09,1666800000,3.7e+08,0.221982241420686,0.123634176496141,0.978646173969915,1.83465322774178,"AOS",0.0349761740538863
"CF INDUSTRIES HOLDINGS, INC.",1324404,"DEERFIELD","60015",4.59e+09,1.2172e+10,2.897e+09,NA,NA,NA,0.377094972067039,4.20158784949948,"CF",0.0622298323935511
"KELLOGG CO",55067,"BATTLE CREEK","49016-3599",1.3578e+10,1.7564e+10,2.747e+09,9.6e+08,0.349472151437932,0.070702607158639,0.773058528808927,6.39388423734984,"K",0.0341422901421156
"JPMORGAN CHASE & CO",19617,"NEW YORK","10017",1.15627e+11,2.687379e+12,2.6133e+11,3.6431e+10,0.139406114873914,0.315073468999455,0.0430259371677757,10.2834691769028,"JPM",0.0606710678006011
"CINCINNATI FINANCIAL CORP",20286,"FAIRFIELD","45014",7.924e+09,2.5408e+10,9.864e+09,1.997e+09,0.202453365774534,0.252019182231196,0.311870277078086,2.57583130575831,"CINF",0.0613525814223896
"PERKINELMER INC",31791,"WALTHAM","02451",2883673000,6538564000,2813824000,227558000,0.0808714404312423,0.0789125535384907,0.441025430048555,2.32372884729109,"PKI",0.0366406154391657
"NORTHERN TRUST CORP",73124,"CHICAGO","60603",6073100000,136828400000,1.1091e+10,1492200000,0.134541520151474,0.245706476099521,0.0443847914614218,12.3368857632314,"NTRS",0.0569423735491382
"UNITED AIRLINES HOLDINGS, INC.",100517,"CHICAGO","60606",4.3259e+10,5.2611e+10,1.1531e+10,3.009e+09,0.2609487468563,0.0695577798839548,0.822242496816255,4.56257046223224,"UAL",0.104772914931916
"APARTMENT INVESTMENT & MANAGEMENT CO",922864,"DENVER","80237",914294000,6828739000,1780649000,474083000,0.266241690529689,0.518523582130037,0.133889141172331,3.83497196808579,"AIV",0.0676050902959309
"ALTRIA GROUP, INC.",764180,"RICHMOND","23230",2.511e+10,4.9271e+10,6.222e+09,-1.293e+09,-0.207810993249759,-0.0514934289127838,0.509630411398186,7.91883638701382,"MO",0.0394649645686355
"DUKE REALTY CORP",783280,"INDIANAPOLIS","46240",973759000,8420562000,5018115000,NA,NA,NA,0.115640618761551,1.67803288685094,"DRE",0.0570233477339086
"CABOT OIL & GAS CORP",858470,"HOUSTON","77024",2066277000,4487245000,2151487000,NA,NA,NA,0.460477865594591,2.08564820517159,"COG",0.0527654627715695
"GILEAD SCIENCES INC",882095,"FOSTER CITY","94404",2.2449e+10,6.1627e+10,2.2525e+10,5.386e+09,0.239112097669256,0.239921600071273,0.364272153439239,2.73593784683685,"GILD",0.0393691378849662
"ROYAL CARIBBEAN CRUISES LTD",884887,"MIAMI","33132",10950661000,30320284000,12163846000,1878887000,0.154464878953581,0.171577496554774,0.361166175092555,2.49265602343206,"RCL",0.120521857351932
"BOSTON SCIENTIFIC CORP",885725,"MARLBOROUGH","01752-1234",1.0735e+10,3.0565e+10,NA,NA,NA,NA,0.351218714215606,NA,"BSX",0.0468841277361436
"MACERICH CO",912242,"SANTA MONICA","90401",927462000,8853571000,2632262000,NA,NA,NA,0.104755696882083,3.36348395410487,"MAC",0.100250544887525
"ONEOK INC /NEW/",1039684,"TULSA","74103",10164367000,21812121000,6225951000,1278577000,0.205362522127142,0.125790125445097,0.465996268771845,3.5034199594568,"OKE",0.110318432576714
"AMERICAN TOWER CORP /MA/",1053507,"BOSTON","02116",7580300000,42801600000,5055400000,1887800000,0.373422478933418,0.24904027545084,0.177103192404022,8.46651105748309,"AMT",0.051348081106025
"TEXTRON INC",217346,"PROVIDENCE","02903",1.363e+10,1.5018e+10,5.518e+09,8.15e+08,0.147698441464299,0.0597945707997065,0.907577573578373,2.72163827473722,"TXT",0.0721406744227249
"NASDAQ, INC.",1120193,"NEW YORK","10036",4.262e+09,1.3924e+10,5.639e+09,7.74e+08,0.137258379145239,0.18160488033787,0.306090203964378,2.46923213335698,"NDAQ",0.0503620968954167
"WATERS CORP /DE/",1000697,"MILFORD","01757",2406596000,2557055000,-216281000,NA,NA,NA,0.941159263293124,-11.8228369574766,"WAT",0.0415388167057505
"KIMCO REALTY CORP",879101,"NEW HYDE PARK","11042",1158884000,10997867000,4864892000,410605000,0.0844016681151401,0.354310698913783,0.105373523793296,2.26066005165171,"KIM",0.0739842175721709
"INTERNATIONAL BUSINESS MACHINES CORP",51143,"ARMONK","10504",7.7147e+10,1.52186e+11,2.0841e+10,9.431e+09,0.452521472098268,0.122247138579595,0.506925735613,7.30224077539465,"IBM",0.0442104865478594
"EXXON MOBIL CORP",34088,"IRVING","75039-2298",2.64938e+11,3.62597e+11,1.9165e+11,1.434e+10,0.0748238977302374,0.0541258709584884,0.73066793161554,1.89197495434386,"XOM",0.0519684575140527
"MCDONALDS CORP",63908,"CHICAGO","60607",21076500000,47510800000,-8210300000,6025400000,-0.733883049340463,0.28588238085071,0.44361492544853,-5.78673130092688,"MCD",0.0505704028337784
"KEYCORP /NEW/",91576,"CLEVELAND","44114-1306",6.4e+09,1.44988e+11,1.7038e+10,1.717e+09,0.10077473881911,0.26828125,0.0441415841311005,8.50968423523888,"KEY",0.0829504971607702
"THERMO FISHER SCIENTIFIC INC.",97745,"WALTHAM","02451",2.5542e+10,5.8381e+10,2.9675e+10,NA,NA,NA,0.43750535276888,1.96734625105308,"TMO",0.0393110201338313
"EXTRA SPACE STORAGE INC.",1289490,"SALT LAKE CITY","84121",1308454000,8532377000,2539961000,419967000,0.16534387732725,0.320964283039373,0.153351639291138,3.35925512242117,"EXR",0.0433779465918664
"MATTEL INC /DE/",63276,"EL SEGUNDO","90245",4504571000,5325226000,491714000,-213512000,-0.43421989205107,-0.0473989642964891,0.84589292548335,10.8299255258138,"MAT",0.0553558871741557
"HOST HOTELS & RESORTS, INC.",1070750,"BETHESDA","20814",5.469e+09,1.2305e+10,7.319e+09,9.2e+08,0.125700232272168,0.168220881331139,0.444453474197481,1.68124060664025,"HST",0.061155069292621
"PUBLIC STORAGE",1393311,"GLENDALE","91201-2349",2846823000,11365444000,9062911000,1520534000,0.167775453162897,0.534116100649742,0.250480579553249,1.25406108478832,"PSA",0.0386848811434699
"ZIONS BANCORPORATION, NATIONAL ASSOCIATION /UT/",109380,"SALT LAKE CITY","84133",NA,6.9172e+10,NA,NA,NA,NA,NA,NA,"ZION",0.0467580312325124
"MERCK & CO., INC.",310158,"KENILWORTH","07033",4.684e+10,8.4397e+10,2.5907e+10,9.843e+09,0.379935924653569,0.210140905209223,0.554996030664597,3.25769097155209,"MRK",0.0352445651153318
"SCHWAB CHARLES CORP",316709,"SAN FRANCISCO","94105",1.0721e+10,2.94005e+11,2.1745e+10,3.704e+09,0.170338008737641,0.345490159500047,0.0364653662352681,13.5205794435502,"SCHW",0.0567477423283368
"PUBLIC SERVICE ENTERPRISE GROUP INC",788784,"NEWARK","07102-4194",1.0076e+10,4.773e+10,NA,1.693e+09,NA,0.168023025009925,0.211104127383197,NA,"PEG",0.0447151934703582
"AMERIPRISE FINANCIAL INC",820027,"MINNEAPOLIS","55474",1.3103e+10,1.51828e+11,5.729e+09,1.893e+09,0.330424157793681,0.14447073189346,0.0863016044471376,26.5016582300576,"AMP",0.0845495212899155
"EASTMAN CHEMICAL CO",915389,"KINGSPORT","37660",9.273e+09,1.6008e+10,5.958e+09,7.59e+08,0.127391742195368,0.0818505338078292,0.579272863568216,2.68680765357503,"EMN",0.0547135119281519
"ALBEMARLE CORP",915913,"CHARLOTTE","28209",3589427000,9860863000,3932250000,533228000,0.135603789179223,0.14855518722069,0.364007389616913,2.5076897450569,"ALB",0.059504014710557
"VALERO ENERGY CORP/TX",1035002,"SAN ANTONIO","78269-6000",NA,5.3864e+10,2.1803e+10,2.422e+09,0.111085630417832,NA,NA,2.47048571297528,"VLO",0.0799182292295416
"AVERY DENNISON CORP",8818,"GLENDALE","91203",7070100000,5488800000,1.204e+09,303600000,0.252159468438538,0.042941401111724,1.28809575863577,4.55880398671096,"AVY",0.0554760913406969
"CIMAREX ENERGY CO",1168054,"DENVER","80203-4537",2362969000,7140029000,3576141000,-124619000,-0.034847339632302,-0.0527383135369106,0.330946695034432,1.99657368095945,"XEC",0.101232881168134
"DISCOVER FINANCIAL SERVICES",1393612,"RIVERWOODS","60015",NA,1.13996e+11,1.1859e+10,2.957e+09,0.249346487899486,NA,NA,9.61261489164348,"DFS",0.0974934306861052
"UNIVERSAL HEALTH SERVICES INC",352915,"KING OF PRUSSIA","19406",11378259000,11668250000,5504105000,814854000,0.148044777488802,0.0716149983929879,0.975147001478371,2.11991777046404,"UHS",0.0777800153713726
"EQT CORP",33213,"PITTSBURGH","15222",4416484000,18809227000,9803588000,-1221695000,-0.12461712997323,-0.276621629332292,0.234804120339448,1.91860643266526,"EQT",0.0880763102190903
"HASBRO, INC.",46080,"PAWTUCKET","02861",4720227000,8855628000,2995530000,520454000,0.173743544548043,0.110260375189583,0.53302001845606,2.95628085847913,"HAS",0.0602267883390255
"WELLS FARGO & COMPANY/MN",72971,"SAN FRANCISCO","94163",8.5063e+10,1.927555e+12,1.87146e+11,1.9549e+10,0.104458551077768,0.229817899674359,0.0441299988845973,10.2997392410204,"WFC",0.0642984507527327
"FORTUNE BRANDS HOME & SECURITY, INC.",1519751,"DEERFIELD","60015",5764600000,6291300000,2426600000,431900000,0.177985658946674,0.0749228047045762,0.916281213739609,2.59263990768977,"FBHS",0.0662858728843653
"PACKAGING CORP OF AMERICA",75677,"LAKE FOREST","60045",6964300000,7235800000,3.071e+09,696400000,0.226766525561706,0.0999956923165286,0.962478233229221,2.35617062845979,"PKG",0.0496827974601855
"VULCAN MATERIALS CO",1396009,"BIRMINGHAM","35242",4929103000,10648793000,5621857000,617662000,0.109867967114781,0.125309209403821,0.462879032393624,1.89417713755437,"VMC",0.0587367742551764
"PFIZER INC",78003,"NEW YORK","10017",5.175e+10,1.67489e+11,6.3143e+10,1.6273e+10,0.257716611500879,0.314454106280193,0.308975514809928,2.65253472277212,"PFE",0.035679156194009
"WEC ENERGY GROUP, INC.",783325,"MILWAUKEE","53201",7523100000,34951800000,NA,NA,NA,NA,0.215242133452354,NA,"WEC",0.0535534988529266
"FLIR SYSTEMS INC",354908,"WILSONVILLE","97070",1887026000,3137541000,1871433000,171597000,0.0916928364520664,0.0909351540466321,0.601434690415201,1.67654465855844,"FLIR",0.0605086240100691
"ACTIVISION BLIZZARD, INC.",718877,"SANTA MONICA","90405",6.489e+09,1.9845e+10,1.2805e+10,1.503e+09,0.117376024990238,0.231622746185853,0.326984126984127,1.54978524014057,"ATVI",0.0407815515651668
"FISERV INC",798354,"BROOKFIELD","53045",1.0187e+10,7.7539e+10,3.2979e+10,8.93e+08,0.0270778374116862,0.0876607440855993,0.131379047962961,2.35116286121471,"FISV",0.0531778777446317
"EOG RESOURCES INC",821189,"HOUSTON","77002",17379973000,37124608000,NA,2734910000,NA,0.157359853205756,0.468152364059979,NA,"EOG",0.077950968421271
"EDISON INTERNATIONAL",827052,"ROSEMEAD","91770",1.2347e+10,6.4382e+10,NA,1.284e+09,NA,0.103992872762614,0.191777204808797,NA,"EIX",0.0509202020457225
"MORGAN STANLEY",895421,"NEW YORK","10036",NA,8.95429e+11,8.1549e+10,9.042e+09,0.110878122355884,NA,NA,10.980257268636,"MS",0.0679187044425134
"ANSYS INC",1013462,"CANONSBURG","15317",1515892000,4838887000,3453379000,451295000,0.130682152176173,0.297709203558037,0.313272866260361,1.40120357481759,"ANSS",0.0503468833713131
"NRG ENERGY, INC.",1013871,"PRINCETON","08540",9.821e+09,1.2531e+10,NA,4.438e+09,NA,0.451888809693514,0.783736333891948,NA,"NRG",0.054898482704385
"SEMPRA ENERGY",1032208,"SAN DIEGO","92101",1.0829e+10,6.5665e+10,1.9929e+10,NA,NA,NA,0.164912815046067,3.29494706207035,"SRE",0.056706351132859
"LKQ CORP",1065696,"CHICAGO","60661",12506109000,12779956000,5008876000,541260000,0.108060171583405,0.0432796483702485,0.978572148448711,2.55146184493287,"LKQ",0.0779495920759871
"CENTERPOINT ENERGY INC",1130310,"HOUSTON","77002",1.2301e+10,3.5439e+10,8.359e+09,7.91e+08,0.0946285440842206,0.0643037151451102,0.347103473574311,4.2396219643498,"CNP",0.072642281283202
"BANK OF NEW YORK MELLON CORP",1390777,"NEW YORK","10286",1.6462e+10,3.81508e+11,4.1483e+10,4.441e+09,0.107055902417858,0.269772810108128,0.0431498159933737,9.19673119109033,"BK",0.0511527363807411
"DISCOVERY, INC.",1437107,"SILVER SPRING","20910",1.1144e+10,3.3735e+10,9.891e+09,2.069e+09,0.209180062683247,0.185660445082556,0.330339410108196,3.41067637245981,"DISCA",0.0496935025330323
"NORWEGIAN CRUISE LINE HOLDINGS LTD.",1513761,"MIAMI","33126",NA,16684599000,6515579000,930228000,0.142769813703433,NA,NA,2.56072392031468,"NCLH",0.14167574856673
"NIELSEN HOLDINGS PLC",1492633,"NEW YORK","10004",6.498e+09,1.4319e+10,2.195e+09,-4.15e+08,-0.189066059225513,-0.0638658048630348,0.453802639849151,6.52346241457859,"NLSN",0.0611773165039173
"RANGE RESOURCES CORP",315852,"FT WORTH","76102",2827615000,6612403000,2347488000,-1716297000,-0.731120670265407,-0.606976904564447,0.427622908041146,2.81679948949686,"RRC",0.0906651576201033
"MARRIOTT INTERNATIONAL INC /MD/",1048286,"BETHESDA","20817",2.0972e+10,2.5051e+10,7.03e+08,1.273e+09,1.81081081081081,0.0606999809269502,0.837172168775698,35.6344238975818,"MAR",0.0689426262973447
"CENTURYLINK, INC",18926,"MONROE","71203",2.2401e+10,6.4742e+10,1.347e+10,-5.269e+09,-0.391165553080921,-0.235212713718138,0.346004139507584,4.80638455827765,"CTL",0.0561046646630507
"FMC CORP",37785,"PHILADELPHIA","19104",4609800000,9872700000,2532300000,477400000,0.188524266477116,0.103561976658423,0.466923941778845,3.89870868380524,"FMC",0.0619749219708528
"MGM RESORTS INTERNATIONAL",789570,"LAS VEGAS","89109",12899672000,33876356000,7727265000,2049146000,0.265183865183865,0.158852566173776,0.380786882745004,4.3840033957681,"MGM",0.108031316997527
"SVB FINANCIAL GROUP",719739,"SANTA CLARA","95054",880951000,71004903000,6470307000,NA,NA,NA,0.0124069037880384,10.9739619773838,"SIVB",0.0722074202164159
"OCCIDENTAL PETROLEUM CORP /DE/",797468,"HOUSTON","77046",2.0393e+10,1.0933e+11,3.4232e+10,-9.85e+08,-0.0287742463192335,-0.0483008875594567,0.186527028263057,3.19379527927086,"OXY",0.112256112562321
"MOHAWK INDUSTRIES INC",851968,"CALHOUN","30701",9970672000,13386680000,8119841000,744211000,0.0916533956760976,0.0746400042043305,0.744820373684887,1.64863819377744,"MHK",0.0749439968136531
"AES CORP",874761,"ARLINGTON","22203",1.0189e+10,3.3648e+10,2.996e+09,3.03e+08,0.101134846461949,0.0297379526940819,0.302811459819306,11.2309746328438,"AES",0.0652652356219284
"ROPER TECHNOLOGIES INC",882835,"SARASOTA","34240",5366800000,18108900000,9491900000,1767900000,0.186253542494127,0.329414176045316,0.296362562055122,1.90782667326879,"ROP",0.0480769925910855
"O REILLY AUTOMOTIVE INC",898173,"SPRINGFIELD","65802",10149985000,10717160000,397340000,1391042000,3.50088589117632,0.137048675441392,0.947077863911708,26.972265566014,"ORLY",0.0523195690619767
"NEKTAR THERAPEUTICS",906709,"SAN FRANCISCO","94158",114617000,1977356000,1405391000,-440667000,-0.313554733166784,-3.84469145065741,0.0579647772075438,1.40697926769134,"NKTR",0.0451606093162797
"LABORATORY CORP OF AMERICA HOLDINGS",920148,"BURLINGTON","27215",11554800000,18046400000,7.567e+09,823800000,0.108867450773094,0.0712950462145602,0.64028282649171,2.3848817232721,"LH",0.0634546671455057
"MR. COOPER GROUP INC.",933136,"COPPELL","75019",2.007e+09,1.8305e+10,2.232e+09,2.74e+08,0.122759856630824,0.136522172396612,0.109642174269325,8.20116487455197,"WM",0.0443558515404681
"AMEREN CORP",1002910,"ST LOUIS","63166-6149",NA,2.8933e+10,8.059e+09,NA,NA,NA,NA,3.59014766100012,"AEE",0.0529015623195132
"AFFILIATED MANAGERS GROUP, INC.",1004434,"WEST PALM BEACH","33401",2239600000,7653500000,2937500000,15700000,0.00534468085106383,0.00701018038935524,0.292624289540733,2.60544680851064,"AMG",0.0650030608744312
"SL GREEN REALTY CORP",1040971,"NEW YORK","10170",1238995000,12766320000,5441315000,270434000,0.0497001184456331,0.2182688388573,0.0970518520607348,2.34618286204713,"SLG",0.0716083424286508
"QUANTA SERVICES, INC.",1050915,"HOUSTON","77056-6175",12112153000,8331682000,4050292000,402044000,0.0992629667194365,0.0331934380287303,1.45374643439344,2.05705712081993,"PWR",0.0534488213382974
"AKAMAI TECHNOLOGIES INC",1086222,"CAMBRIDGE","02142",NA,7006886000,3657958000,478035000,0.130683567170536,NA,NA,1.91551843952282,"AKAM",0.0397077602121156
"ALIGN TECHNOLOGY INC",1097149,"SAN JOSE","95134",2406796000,2500702000,1346169000,442776000,0.328915611635686,0.183969060942431,0.962448144561007,1.85764343109966,"ALGN",0.0663170823067075
"ALLIANCE DATA SYSTEMS CORP",1101215,"COLUMBUS","43219",5581300000,26494800000,1588300000,2.78e+08,0.175029906189007,0.0498091842402308,0.210656430695835,16.6812315053831,"ADS",0.111861075561304
"NISOURCE INC.",1111711,"MERRILLVILLE","46410-6272",5053400000,22659800000,5986700000,NA,NA,NA,0.223011677066876,3.78502346868893,"NI",0.0537846631500374
"CME GROUP INC.",1156375,"CHICAGO","60606",4.868e+09,75215300000,26128900000,2116500000,0.0810022618633008,0.434778142974528,0.0647208746092883,2.87862481773056,"CME",0.056122337753578
"WYNN RESORTS LTD",1174922,"LAS VEGAS","89109",NA,13871281000,1743045000,122985000,0.0705575587549375,NA,NA,7.95807394530835,"WYNN",0.0889018908507517
"DOMINION ENERGY, INC",715957,"RICHMOND","23219",1.6572e+10,1.03823e+11,3.1994e+10,1.358e+09,0.0424454585234732,0.0819454501568911,0.159617811082323,3.24507720197537,"D",0.0543832616187475
"MARATHON PETROLEUM CORP",1510295,"FINDLAY","45840-3229",1.23949e+11,9.8556e+10,3.3694e+10,2.637e+09,0.0782631922597495,0.0212748791841806,1.25765047282763,2.92503116281831,"MPC",0.0925576233672607
"XYLEM INC.",1524472,"RYE BROOK","10573",5.249e+09,7.71e+09,2.957e+09,4.01e+08,0.135610415962124,0.0763955039055058,0.680804150453956,2.60737233682787,"XYL",0.0503301966895944
"ECOLAB INC.",31462,"SAINT PAUL","55102",14906300000,20869100000,8685300000,NA,NA,NA,0.714276130738748,2.40280704178324,"ECL",0.0556579958449944
"DOMINION ENERGY SOUTH CAROLINA, INC.",91882,"CAYCE","29033",4e+06,1.4301e+10,3.712e+09,-1.239e+09,-0.333782327586207,-309.75,0.000279700720229355,3.8526400862069,"SCG",0
"STERICYCLE INC",861878,"BANNOCKBURN","60015",3308900000,6.437e+09,2330900000,-346800000,-0.148783731605817,-0.104808244431684,0.514043809227901,2.76159423398687,"SRCL",0.0618169040838315
"NUCOR CORP",73309,"CHARLOTTE","28211",22588858000,18344666000,10357866000,1271143000,0.122722479707693,0.0562730085779458,1.2313583686942,1.77108547262535,"NUE",0.0526386901738481
"BLACKROCK INC.",1364742,"NEW YORK","10055",1.4539e+10,1.68622e+11,3.3547e+10,4.476e+09,0.133424747369362,0.307861613591031,0.0862224383532398,5.02644051629058,"BLK",0.0579100526179049
"PROGRESSIVE CORP/OH/",80661,"MAYFIELD VILLAGE","44143",39022300000,54895300000,13673200000,3970300000,0.290370944621596,0.101744387183739,0.710849562713019,4.01480999327151,"PGR",0.0386469943408674
"APACHE CORP",6769,"HOUSTON","77056-4400",6.411e+09,1.8107e+10,3.255e+09,NA,NA,NA,0.354061964985917,5.56282642089094,"APA",0.135126186133108
"PNC FINANCIAL SERVICES GROUP, INC.",713676,"PITTSBURGH","15222-2401",1.7827e+10,4.10295e+11,4.9314e+10,NA,NA,NA,0.043449225557221,8.32005110110719,"PNC",0.0649116041911917
"DENTSPLY SIRONA INC.",818479,"CHARLOTTE","28277-3607",4029200000,8602900000,5092500000,262900000,0.0516249386352479,0.0652486846024025,0.468353694684351,1.68932744231713,"XRAY",0.0464443098101056
"INVESCO LTD.",914208,"ATLANTA","30309",6117400000,39420300000,13862500000,564700000,0.0407357980162308,0.092310458691601,0.155184004180587,2.84366456266907,"IVZ",0.0806481858193074
"FIFTH THIRD BANCORP",35527,"CINCINNATI","45263",NA,1.69369e+11,2.1203e+10,2.512e+09,0.118473800877234,NA,NA,7.98797339999057,"FITB",0.0815471392668941
"HUNT J B TRANSPORT SERVICES INC",728535,"LOWELL","72745",NA,5470854000,2267029000,516320000,0.227751828494474,NA,NA,2.41322629750215,"JBHT",0.0447847333738608
"DIGITAL REALTY TRUST, INC.",1297996,"SAN FRANCISCO","94111",3209241000,23068131000,9879312000,579761000,0.0586843496794109,0.180653618721685,0.139120113371994,2.3349936716241,"DLR",0.0486249584004655
"PEOPLE'S UNITED FINANCIAL, INC.",1378946,"BRIDGEPORT","06604",NA,58589800000,7947200000,520400000,0.0654821824038655,NA,NA,7.37238272599154,"PBCT",0.0631428405451257
"BOSTON PROPERTIES INC",1037540,"BOSTON","02199",2960562000,21284905000,5684687000,521534000,0.0917436615243724,0.176160472234664,0.139092093669199,3.74425276184951,"BXP",0.0574670650534532
"INTERNATIONAL FLAVORS & FRAGRANCES INC",51253,"NEW YORK","10019",5140084000,13287411000,6217304000,NA,NA,NA,0.386838639972828,2.13716604496097,"IFF",0.0464762282920698
"CROWN CASTLE INTERNATIONAL CORP",1051470,"HOUSTON","77057",5.763e+09,3.8457e+10,NA,NA,NA,NA,0.149855682970591,NA,"CCI",0.0473101245083682
"BAXTER INTERNATIONAL INC",10456,"DEERFIELD","60015",1.1362e+10,1.8193e+10,7.882e+09,1.001e+09,0.126998223801066,0.0881006864988558,0.624525916561315,2.30817051509769,"BAX",0.0428189477325729
"MILESTONE SCIENTIFIC INC.",855683,"LIVINGSTON","07039",NA,6556289,1695921,-7524368,-4.43674440024034,NA,NA,3.86591651379988,"MS",0.0679187044425134
